Lane,Sample,Barcode.sequence,PF.Clusters,Lane%,Perfect.Barcode%,One.mismatch%,Yield(Mb),PF%,%>=Q30,Mean.Quality
1,HOS_D1_1,AACGTGAG+CACGGTAT,"46,662,140",3.27,91.27,8.73,"14,092",100,92.79,38.47
1,HOS_D1_2,CGAACAGA+TGTAACGC,"41,623,956",2.92,85.81,14.19,"12,570",100,92.69,38.45
1,HOS_D1_3,CGACTCAA+TCCGTCAA,"44,261,847",3.1,85.87,14.13,"13,367",100,93.06,38.53
1,HOS_D2_1,AAGTCTCG+CTTACTGG,"38,489,885",2.7,89.69,10.31,"11,624",100,93.09,38.54
1,HOS_D2_2,CAAGAGGT+TTCTGGCA,"43,869,213",3.07,85.63,14.37,"13,249",100,92.87,38.49
1,HOS_D2_3,TCCAGAAC+GCTCATTG,"39,853,528",2.79,89.51,10.49,"12,036",100,93.24,38.57
1,HOS_D3_1,CACTGAGT+CTAGCAAC,"44,388,354",3.11,84.69,15.31,"13,405",100,93.09,38.54
1,HOS_D3_2,ACTCAGAC+TCGATGGT,"50,751,197",3.56,92.1,7.9,"15,327",100,93.17,38.56
1,HOS_D3_3,TCCTGTAC+CGTACAAC,"40,756,611",2.86,87.41,12.59,"12,308",100,93.24,38.57
1,HOS_Media_1,CAACACGT+TACGTGGT,"37,224,698",2.61,85.58,14.42,"11,242",100,93.11,38.55
1,HOS_Media_2,GTATCGCA+GCTCAATC,"38,711,522",2.71,92.91,7.09,"11,691",100,93.07,38.54
1,OS_17_D1_1,ACGCAATC+ATCTGGCT,"36,601,538",2.56,91.93,8.07,"11,054",100,92.97,38.51
1,OS_17_D1_2,GCCTATCT+CGTTGTTC,"40,594,780",2.84,91.17,8.83,"12,260",100,93,38.52
1,OS_17_D1_3,ATACGCAC+TAGGACCT,"36,995,823",2.59,91.37,8.63,"11,173",100,93.35,38.6
1,OS_17_D2_1,CACGACTA+GCTGCTTA,"42,000,867",2.94,86.14,13.86,"12,684",100,92.7,38.46
1,OS_17_D2_2,TCAAGTCG+TTCTTCCG,"40,089,440",2.81,88.82,11.18,"12,107",100,93.27,38.59
1,OS_17_D2_3,GTCATGGT+TACTCCTG,"39,107,162",2.74,92.38,7.62,"11,810",100,93.15,38.55
1,OS_17_D3_1,ACTGCAAC+GGTGTTCA,"41,636,144",2.92,91.73,8.27,"12,574",100,92.36,38.37
1,OS_17_D3_2,GAAGCATG+CGAGCTAA,"39,734,066",2.78,93.22,6.78,"12,000",100,93.01,38.53
1,OS_17_D3_3,AGCATCCA+TTGTTCGG,"35,355,359",2.48,91.56,8.44,"10,677",100,92.79,38.47
1,OS_17_Media_1,ATCGCCTA+TCATAGCG,"53,124,269",3.72,82.98,17.02,"16,044",100,93,38.52
1,OS_17_Media_2,CCTAATCC+CTGCGATA,"39,616,837",2.78,85.57,14.43,"11,964",100,92.62,38.44
